{"('attack', 'iran', 'israel')": 4.221930693558346, "('iran', 'nuclear', 'threat')": 7.313102295530077, "('russia', 'ukraine', 'war')": 1.846595731870877, "('iran', 'war')": 4.571573049727904, "('crisis', 'israel')": 2.3663106518440666, "('drone', 'ukraine')": 0.0005098992480043583, "('bomb', 'russia')": 1.323964298829204e-132, "('crisis', 'russia', 'ukraine')": 6.5972576367634065e-133, "('crisis', 'iran')": 2.9500724826818763, "('iran', 'threat', 'war')": 2.858679580387389, "('attack', 'iran', 'nuclear')": 0.7378386426484613}