{"('attack', 'iran', 'israel')": 6.748827406445649, "('iran', 'nuclear', 'threat')": 11.69011733743466, "('russia', 'ukraine', 'war')": 2.9518144158288298, "('iran', 'war')": 5.824955064106874, "('crisis', 'israel')": 3.7825874791586753, "('crisis', 'iran')": 4.715740609504028, "('iran', 'threat', 'war')": 4.5696475140629484, "('attack', 'iran', 'nuclear')": 1.1794475121626669, "('drone', 'ukraine')": 0.0008150825461697696}